{
    "best_run_id": "e2ffe7609ef54d0cb48ebd5c8e8fdbb9",
    "best_model_name": "l1",
    "metrics": {
        "0": {
            "precision": 0.8618219037871033,
            "recall": 0.8135265700483092,
            "f1-score": 0.8369781312127237,
            "support": 1035.0
        },
        "1": {
            "precision": 0.5532407407407407,
            "recall": 0.6390374331550802,
            "f1-score": 0.5930521091811415,
            "support": 374.0
        },
        "accuracy": 0.7672107877927609,
        "macro avg": {
            "precision": 0.707531322263922,
            "recall": 0.7262820016016946,
            "f1-score": 0.7150151201969326,
            "support": 1409.0
        },
        "weighted avg": {
            "precision": 0.7799132061438531,
            "recall": 0.7672107877927609,
            "f1-score": 0.7722312665996565,
            "support": 1409.0
        }
    }
}