{
    "0": {
        "precision": 0.8692993630573248,
        "recall": 0.8243537086252718,
        "f1-score": 0.8462301587301587,
        "support": 4139.0
    },
    "1": {
        "precision": 0.5746050321825629,
        "recall": 0.65685618729097,
        "f1-score": 0.6129837702871411,
        "support": 1495.0
    },
    "accuracy": 0.7799077032303869,
    "macro avg": {
        "precision": 0.7219521976199439,
        "recall": 0.7406049479581209,
        "f1-score": 0.7296069645086499,
        "support": 5634.0
    },
    "weighted avg": {
        "precision": 0.7911012756136313,
        "recall": 0.7799077032303869,
        "f1-score": 0.7843374802206962,
        "support": 5634.0
    }
}