{
    "0": {
        "precision": 0.8972915933872669,
        "recall": 0.6163324474510752,
        "f1-score": 0.7307361787453451,
        "support": 4139.0
    },
    "1": {
        "precision": 0.4310283052669294,
        "recall": 0.8046822742474916,
        "f1-score": 0.5613625758282781,
        "support": 1495.0
    },
    "accuracy": 0.6663116790912318,
    "macro avg": {
        "precision": 0.6641599493270982,
        "recall": 0.7105073608492833,
        "f1-score": 0.6460493772868117,
        "support": 5634.0
    },
    "weighted avg": {
        "precision": 0.7735671319495843,
        "recall": 0.6663116790912318,
        "f1-score": 0.6857923490753034,
        "support": 5634.0
    }
}