{
    "0": {
        "precision": 0.8669816011934361,
        "recall": 0.8424740275428848,
        "f1-score": 0.8545521382183556,
        "support": 4139.0
    },
    "1": {
        "precision": 0.5955334987593052,
        "recall": 0.6421404682274248,
        "f1-score": 0.6179594464113293,
        "support": 1495.0
    },
    "accuracy": 0.7893148739794107,
    "macro avg": {
        "precision": 0.7312575499763707,
        "recall": 0.7423072478851548,
        "f1-score": 0.7362557923148425,
        "support": 5634.0
    },
    "weighted avg": {
        "precision": 0.7949519751481706,
        "recall": 0.7893148739794107,
        "f1-score": 0.7917715073607936,
        "support": 5634.0
    }
}